{
    "op": "publish",
    "topic": "/odom",
    "msg": {
        "header": {
            "seq": 0,
            "stamp": {
                "secs": 1581389724,
                "nsecs": 352217600
            },
            "frame_id": "gps"
        },
        "child_frame_id": "base_link",
        "pose": {
            "pose": {
                "position": {
                    "x": -500009.028601646,
                    "y": 50.3476028442383,
                    "z": -1.12236595153809
                },
                "orientation": {
                    "x": -0.00629101227968931,
                    "y": 0.991552114486694,
                    "z": -0.012436943128705,
                    "w": -0.128958016633987
                }
            }
        },
        "twist": {
            "twist": {
                "linear": {
                    "x": 0.000037781701394124,
                    "y": 0,
                    "z": 0
                },
                "angular": {
                    "x": 0,
                    "y": 0,
                    "z": 0.000012183682883915
                }
            }
        }
    }
}