{
    "op": "publish",
    "topic": "/imu_raw",
    "msg": {
        "header": {
            "seq": 0,
            "stamp": {
                "secs": 1581389724,
                "nsecs": 352217600
            },
            "frame_id": "imu"
        },
        "orientation": {
            "x": -0.0124369403347373,
            "y": -0.00629104534164071,
            "z": 0.99156790971756,
            "w": 0.128837212920189
        },
        "orientation_covariance": [
            0,
            0,
            0,
            0,
            0,
            0,
            0,
            0,
            0
        ],
        "angular_velocity": {
            "x": 0.00000175477180164307,
            "y": -0.0000013555254554376,
            "z": -0.000012183682883915
        },
        "angular_velocity_covariance": [
            0,
            0,
            0,
            0,
            0,
            0,
            0,
            0,
            0
        ],
        "linear_acceleration": {
            "x": 0.257874310016632,
            "y": -0.0909474045038223,
            "z": -9.80614948272705
        },
        "linear_acceleration_covariance": [
            0,
            0,
            0,
            0,
            0,
            0,
            0,
            0,
            0
        ]
    }
}